{"count":1,"self":396.3132928,"total":812.7753187,"children":{"InitializeActuators":{"count":48,"self":0.0015371999999999999,"total":0.0015371999999999999,"children":null},"InitializeSensors":{"count":48,"self":0.0010516,"total":0.0010516,"children":null},"AgentSendState":{"count":73351,"self":54.632313599999996,"total":61.220309,"children":{"CollectObservations":{"count":704208,"self":0.1927584,"total":0.1927584,"children":null},"WriteActionMask":{"count":704208,"self":0.3031976,"total":0.3031976,"children":null},"RequestDecision":{"count":704208,"self":1.0563018,"total":6.0920402,"children":{"AgentInfo.ToProto":{"count":704208,"self":0.83108189999999993,"total":5.0357384,"children":{"GenerateSensorData":{"count":704208,"self":2.9954178,"total":4.2046565,"children":{"RayPerceptionSensor.Perceive":{"count":704208,"self":1.2092387,"total":1.2092387,"children":null}}}}}}}}},"DecideAction":{"count":73351,"self":354.01172479999997,"total":354.0117125,"children":null},"AgentAct":{"count":73351,"self":1.0579015,"total":1.0710041,"children":{"AgentInfo.ToProto":{"count":1553,"self":0.0050076,"total":0.013102599999999999,"children":{"GenerateSensorData":{"count":1553,"self":0.0050361999999999994,"total":0.008095,"children":{"RayPerceptionSensor.Perceive":{"count":1553,"self":0.0030588,"total":0.0030588,"children":null}}}}}}},"AgentInfo.ToProto":{"count":8294,"self":0.047623399999999996,"total":0.1554244,"children":{"GenerateSensorData":{"count":8294,"self":0.0791398,"total":0.107801,"children":{"RayPerceptionSensor.Perceive":{"count":8294,"self":0.028661199999999998,"total":0.028661199999999998,"children":null}}}}}},"gauges":{"FlappyBird.CumulativeReward":{"count":9847,"max":20.0000343,"min":-2.78000021,"runningAverage":4.81414,"value":3.64000082,"weightedAverage":14.9291058}},"metadata":{"timer_format_version":"0.1.0","start_time_seconds":"1712561111","unity_version":"2022.3.20f1","command_line_arguments":"C:\\Program Files\\Unity\\Hub\\Editor\\2022.3.20f1\\Editor\\Unity.exe -projectpath D:\\GitHub\\AI-Class\\AI -useHub -hubIPC -cloudEnvironment production","communication_protocol_version":"1.5.0","com.unity.ml-agents_version":"2.3.0-exp.3","scene_name":"FlappyBird","end_time_seconds":"1712561924"}}